,stickiness,simulation,average_degree,average_clustering,transitivity,diameter,radius,entropy,dead_ends,ways_4
0,1000.0,47,2.3346938775510204,0.08639455782312931,0.1435546875,73,37,1.58543181838282,0.3448979591836735,0.07551020408163266
0,100.0,17,2.2413793103448274,0.09770114942528733,0.14018691588785046,19,10,1.239582106000697,0.3620689655172414,0.0
0,8500.0,22,2.302377972465582,0.08990404672507257,0.14392244593586875,206,103,2.0708337156839645,0.35319148936170214,0.05607008760951189
0,8500.0,36,2.2969367588932808,0.08246870882740426,0.13357178095707942,220,110,2.072312477670122,0.3547430830039526,0.05434782608695652
0,6000.0,37,2.2989727240524265,0.07745896800094507,0.12680521310320536,176,88,1.9711954440525414,0.35458731845554375,0.05880269217144881
0,6000.0,23,2.308457711442786,0.09310589907604884,0.14883884588318086,173,87,2.0560847789493697,0.3461265103056148,0.05685856432125089
0,250.0,2,2.368,0.07466666666666666,0.11278195488721804,26,13,1.3793313336971798,0.328,0.064
0,500.0,35,2.392,0.10199999999999995,0.15356489945155394,47,24,1.580137221724725,0.316,0.088
0,500.0,21,2.319672131147541,0.09494535519125674,0.14545454545454545,37,19,1.4453750555896874,0.3401639344262295,0.04918032786885246
0,4500.0,42,2.3322475570032575,0.08942143632697401,0.13977042538825118,148,74,1.9337889714255163,0.34108887854816194,0.06188925081433225
0,3000.0,10,2.291220556745182,0.08196526290744684,0.13436044428520244,121,61,1.8318870470371469,0.35688793718772305,0.05281941470378301
0,50.0,46,2.32,0.11333333333333333,0.17647058823529413,10,5,1.4972604821065998,0.36,0.04
0,3000.0,38,2.27076064200977,0.0692021400325656,0.11385606874328678,127,64,1.8048631341726886,0.3628750872295883,0.044661549197487785
0,250.0,49,2.193548387096774,0.06048387096774192,0.1038961038961039,30,15,1.4407292060750212,0.4032258064516129,0.07258064516129033
0,250.0,48,2.2782608695652176,0.08840579710144926,0.13333333333333333,25,13,1.5147958611961336,0.34782608695652173,0.05217391304347826
0,3000.0,39,2.3330887747615554,0.09550012227928559,0.14824031283327407,132,66,1.9644941468272172,0.3374908290535583,0.06016140865737344
0,50.0,47,2.0,0.041666666666666664,0.08108108108108109,10,5,1.4658586321567422,0.5,0.041666666666666664
0,3000.0,11,2.298110566829951,0.07965943550268235,0.12803608605135322,119,60,1.8432182292907717,0.35969209237228833,0.06088173547935619
0,4500.0,43,2.294484412470024,0.0903277378097525,0.14758819294456443,147,74,1.9005177696866065,0.35683453237410073,0.05275779376498801
0,500.0,20,2.2017543859649122,0.05774853801169594,0.09330143540669857,42,21,1.4431817589499627,0.39473684210526316,0.03508771929824561
0,500.0,34,2.2777777777777777,0.08201058201058199,0.132,57,29,1.5660374421672276,0.376984126984127,0.051587301587301584
0,250.0,3,2.3206106870229006,0.10941475826972014,0.16981132075471697,35,18,1.52722689044358,0.3435114503816794,0.03816793893129771
0,6000.0,22,2.3048031780426146,0.08191886360900497,0.1330948121645796,169,85,2.0283789271081427,0.352112676056338,0.05706031058143734
0,6000.0,36,2.2998554913294798,0.08387524084778465,0.13604336043360435,165,83,1.9463142218573815,0.3475433526011561,0.05238439306358381
0,8500.0,37,2.312063808574277,0.0897308075772678,0.1436111452068246,220,110,2.0778309662934435,0.3497008973080758,0.05682951146560319
0,8500.0,23,2.2983234714003946,0.08431952662721863,0.13684855916615574,211,106,2.0878337875761015,0.35552268244575935,0.058431952662721894
0,100.0,16,2.3773584905660377,0.0880503144654088,0.13157894736842105,15,8,1.319139069255687,0.32075471698113206,0.07547169811320754
0,1000.0,46,2.287526427061311,0.07681465821000702,0.12834224598930483,63,32,1.7090600820102535,0.35306553911205074,0.048625792811839326
0,100.0,28,2.125,0.020833333333333332,0.0375,17,9,1.27944963299735,0.3958333333333333,0.020833333333333332
0,100.0,14,2.217391304347826,0.10507246376811594,0.1724137931034483,15,8,1.393333288816398,0.391304347826087,0.06521739130434782
0,1000.0,44,2.3189655172413794,0.09841954022988517,0.15319148936170213,59,30,1.7185841661497925,0.3448275862068966,0.04310344827586207
0,8500.0,35,2.311066799601196,0.08848454636091693,0.14201401696790852,219,110,2.0814147277467576,0.348703888334995,0.05633100697906281
0,8500.0,21,2.30217606330366,0.08761951862842032,0.14029042579374845,215,108,2.058101853732682,0.3528684470820969,0.052176063303659745
0,6000.0,20,2.3079646017699114,0.089616519174042,0.1421577198810981,168,84,1.9868401775601252,0.35327433628318583,0.0552212389380531
0,6000.0,34,2.340853870183964,0.09389101006594962,0.14651162790697675,174,87,1.9702530417362618,0.34363068379035056,0.06421381464769177
0,1000.0,8,2.2222222222222223,0.07367149758454099,0.12291933418693982,49,25,1.6430686850001004,0.3864734299516908,0.05555555555555555
0,250.0,1,2.4,0.08589743589743591,0.12857142857142856,31,16,1.5192507549135466,0.2923076923076923,0.06153846153846154
0,500.0,22,2.2479338842975207,0.08608815426997243,0.14285714285714285,42,21,1.4963764659794248,0.3677685950413223,0.045454545454545456
0,500.0,36,2.3660714285714284,0.078125,0.12526096033402923,37,19,1.5454184603480083,0.33482142857142855,0.07142857142857142
0,4500.0,41,2.279091330551692,0.08004945139854756,0.12984542211652794,156,78,1.926540100415383,0.35095039406583217,0.04033379694019471
0,3000.0,13,2.3145275035260933,0.0936765397273152,0.15088449531737774,110,55,1.9160063058975376,0.3441466854724965,0.059943582510578276
0,50.0,45,2.2580645161290325,0.06451612903225806,0.1,11,6,1.1945537645126654,0.3870967741935484,0.03225806451612903
0,50.0,44,2.1379310344827585,0.034482758620689655,0.06,10,5,1.1664569501845152,0.41379310344827586,0.034482758620689655
0,3000.0,12,2.278409090909091,0.07492897727272703,0.12572254335260116,118,59,1.8372956257285546,0.35511363636363635,0.05397727272727273
0,4500.0,40,2.287756074321105,0.08273781165634453,0.13417842621382445,130,65,1.8720644620524867,0.35921867555979037,0.05717008099094807
0,500.0,37,2.3388429752066116,0.09090909090909088,0.14201183431952663,46,23,1.4856578389032418,0.34297520661157027,0.0743801652892562
0,500.0,23,2.340248962655602,0.11410788381742733,0.17964071856287425,49,25,1.509744325258556,0.3360995850622407,0.06224066390041494
0,250.0,0,2.2181818181818183,0.07272727272727271,0.13043478260869565,27,14,1.4930851795670237,0.39090909090909093,0.05454545454545454
0,6000.0,35,2.305327868852459,0.08498406193078385,0.13343480466768137,179,90,1.9423419664749246,0.35280054644808745,0.056010928961748634
0,1000.0,9,2.3262711864406778,0.08545197740112997,0.13664596273291926,60,30,1.6252678528584952,0.3389830508474576,0.05508474576271186
0,6000.0,21,2.2789043045179653,0.07470651013874105,0.12289287656334964,175,88,2.049313608804682,0.3582355033795802,0.046602632515119174
0,8500.0,20,2.303486330574367,0.08410668004347438,0.13510823587957202,222,111,2.0928071924185585,0.3518936543767244,0.05718585402558315
0,8500.0,34,2.31866766094954,0.09039688458032934,0.1424212838662436,218,109,2.0829143916891804,0.343027591349739,0.05642555306984837
0,1000.0,45,2.3438155136268346,0.08141160027952485,0.12817904374364192,64,32,1.7088320079411807,0.3270440251572327,0.04612159329140461
0,100.0,15,2.188679245283019,0.03459119496855346,0.06,18,9,1.3883510687062506,0.4339622641509434,0.07547169811320754
0,100.0,29,2.1,0.06666666666666667,0.13043478260869565,13,7,1.467262288773691,0.475,0.05
0,100.0,11,2.36,0.15666666666666665,0.22429906542056074,16,8,1.4976212883784485,0.34,0.08
0,1000.0,41,2.2942345924453282,0.09145129224652097,0.15294117647058825,69,35,1.613689008107585,0.36779324055666,0.07157057654075547
0,100.0,39,2.32,0.13999999999999999,0.22857142857142856,15,8,1.40220169795454,0.38,0.08
0,6000.0,25,2.279715302491103,0.08303677342823299,0.13517915309446255,173,87,2.038565128347813,0.3594306049822064,0.04768683274021352
0,8500.0,18,2.3202357563850686,0.08922724296005187,0.14055742431523305,223,112,2.063657976081561,0.34553045186640474,0.058202357563850685
0,6000.0,31,2.2913860333215172,0.08625782819331279,0.13896312132549438,171,86,2.0236917985185165,0.3555476781283233,0.05140021269053527
0,8500.0,30,2.2924294903513114,0.08654956292264514,0.13988095238095238,200,100,2.051764825247004,0.3582384957941613,0.05195447798119743
0,6000.0,19,2.328013582342954,0.09139784946236597,0.14165009940357853,193,97,1.9640906394844717,0.3409168081494058,0.05263157894736842
0,8500.0,24,2.2906453226613306,0.07945639486409875,0.12961567445365485,208,104,2.0966193637734456,0.3581790895447724,0.05202601300650325
0,250.0,4,2.325925925925926,0.10246913580246918,0.1702127659574468,25,13,1.3849747291272445,0.35555555555555557,0.08148148148148149
0,500.0,27,2.248995983935743,0.06091030789825973,0.1069182389937107,43,22,1.4175941181999026,0.37349397590361444,0.04417670682730924
0,500.0,33,2.396761133603239,0.09581646423751684,0.14444444444444443,45,23,1.5159014096010948,0.3157894736842105,0.07692307692307693
0,4500.0,44,2.277566539923954,0.07200570342205326,0.11890463607975019,160,80,1.916235515020252,0.36834600760456276,0.055133079847908745
0,3000.0,16,2.3003508771929826,0.07485380116959048,0.12264150943396226,124,62,1.8565302282499152,0.3564912280701754,0.051228070175438595
0,50.0,40,2.2,0.06666666666666667,0.11320754716981132,15,8,0.9845298991308576,0.36666666666666664,0.0
0,50.0,41,2.0869565217391304,0.043478260869565216,0.08333333333333333,11,6,1.4677339293271523,0.391304347826087,0.0
0,3000.0,17,2.288515406162465,0.08216619981325829,0.13328631875881522,114,57,1.8652580313140357,0.36204481792717086,0.0469187675070028
0,4500.0,45,2.309306569343066,0.08432177615571805,0.13814016172506738,148,74,1.9332735642017869,0.354014598540146,0.058394160583941604
0,500.0,32,2.2416666666666667,0.06944444444444448,0.11283185840707964,41,21,1.5980533562214263,0.37916666666666665,0.020833333333333332
0,500.0,26,2.237885462555066,0.057268722466960374,0.09722222222222222,38,19,1.4995653673887834,0.3832599118942731,0.04405286343612335
0,250.0,5,2.1946902654867255,0.06194690265486724,0.10096153846153846,25,13,1.4559054408706378,0.40707964601769914,0.04424778761061947
0,8500.0,25,2.2706502636203867,0.08159678634195305,0.1336079289483846,215,108,2.08058527641868,0.36354506653276425,0.04569420035149385
0,6000.0,18,2.3066153307665385,0.08441255396103192,0.13692946058091288,195,98,1.9686297961602872,0.35491774588729436,0.05635281764088204
0,8500.0,31,2.288577154308617,0.08379258517034033,0.13663739021329988,215,108,2.0844968917337012,0.36097194388777554,0.05836673346693387
0,6000.0,30,2.281115879828326,0.07975679542203197,0.13131497355462338,184,92,2.0110684234909315,0.351931330472103,0.046852646638054364
0,8500.0,19,2.2929841897233203,0.08510375494071115,0.1349108027750248,204,102,2.064058223145195,0.35449604743083,0.053606719367588936
0,6000.0,24,2.273075583420411,0.08376872169975665,0.1376734258271078,178,89,1.973125880835664,0.36468129571577845,0.04737025426680599
0,100.0,38,2.30188679245283,0.12578616352201252,0.19811320754716982,19,10,1.5399255279433512,0.33962264150943394,0.05660377358490566
0,1000.0,40,2.23109243697479,0.06267507002801116,0.10702341137123746,61,31,1.6833144059139944,0.3802521008403361,0.04201680672268908
0,100.0,10,2.188679245283019,0.08176100628930817,0.15306122448979592,19,10,1.34054781487453,0.39622641509433965,0.07547169811320754
0,1000.0,42,2.276150627615063,0.07880055788005577,0.1279317697228145,63,32,1.7018259490720204,0.3577405857740586,0.05230125523012552
0,100.0,12,2.32,0.09333333333333332,0.1485148514851485,18,9,1.31460170948675,0.32,0.06
0,6000.0,32,2.291248206599713,0.08261597321855614,0.13570274636510501,158,79,2.000283245084982,0.3593974175035868,0.05631276901004304
0,6000.0,26,2.294979079497908,0.08129939562993996,0.13130252100840337,181,91,1.9435224630427348,0.3507670850767085,0.05090655509065551
0,8500.0,27,2.281780181952299,0.08237029751659679,0.13539723983588214,205,103,2.0792572308584294,0.3621834275879026,0.051880993361199904
0,8500.0,33,2.308484551250613,0.08566290665358801,0.140641904075009,205,103,2.051434489187156,0.3567925453653752,0.06620892594409024
0,250.0,7,2.310077519379845,0.10465116279069774,0.16030534351145037,28,14,1.3741669230993687,0.3488372093023256,0.06201550387596899
0,500.0,30,2.2882882882882885,0.09684684684684682,0.15575620767494355,37,19,1.5322391029490443,0.36486486486486486,0.05405405405405406
0,500.0,24,2.310924369747899,0.08753501400560224,0.1323529411764706,44,22,1.5416529023836791,0.3403361344537815,0.037815126050420166
0,500.0,18,2.2782608695652176,0.053623188405797106,0.08647450110864745,49,25,1.491750713825879,0.36086956521739133,0.043478260869565216
0,4500.0,9,2.2830277385989657,0.07843598182103133,0.1261046095056126,147,74,1.913393870059209,0.35590032910202163,0.0465444287729196
0,4500.0,47,2.2754662840746054,0.08217758648174735,0.13755458515283842,145,73,1.9535602945403803,0.3634624581539933,0.056910569105691054
0,3000.0,29,2.3260099220411057,0.09697613985353158,0.1533678756476684,118,59,1.8294900503750886,0.3387668320340184,0.06094968107725018
0,10000.0,48,2.2915340547422023,0.08087559233326203,0.13341116535767353,231,116,2.1130674417502537,0.3613409717801825,0.0547422024188415
0,3000.0,15,2.2848920863309354,0.08021582733812924,0.13071895424836602,123,62,1.785623970376577,0.36546762589928056,0.0460431654676259
0,50.0,43,2.2,0.06666666666666667,0.15384615384615385,8,4,1.1435024870830306,0.45,0.1
0,50.0,42,2.1904761904761907,0.08730158730158728,0.15,9,5,1.5182495948338297,0.42857142857142855,0.09523809523809523
0,3000.0,14,2.2549742078113484,0.07676246622451466,0.12480916030534352,115,58,1.8683818745389682,0.37361827560795874,0.04716285924834193
0,3000.0,28,2.3031141868512113,0.086620530565167,0.14329896907216494,124,62,1.8871870621653832,0.35294117647058826,0.05467128027681661
0,10000.0,49,2.2802656953074782,0.07878008713663262,0.12944245190740136,250,125,2.071557393473281,0.3584743946860939,0.05249625026783801
0,4500.0,46,2.295206454674893,0.0888308811896854,0.14772727272727273,156,78,1.9674605245378207,0.3578547698149027,0.05647840531561462
0,4500.0,8,2.3032824780397596,0.08152257666820793,0.13130155820348305,139,70,1.917696947829251,0.3555247341655109,0.05547850208044383
0,500.0,19,2.226244343891403,0.051282051282051294,0.08716707021791767,33,17,1.6296260722892575,0.38009049773755654,0.03619909502262444
0,500.0,25,2.299145299145299,0.0947293447293447,0.15384615384615385,43,22,1.6047960246986626,0.3418803418803419,0.05982905982905983
0,500.0,31,2.2672413793103448,0.0876436781609195,0.15198237885462554,45,23,1.6847738318815504,0.36637931034482757,0.05603448275862069
0,250.0,6,2.336,0.08533333333333334,0.13333333333333333,28,14,1.3996562414622242,0.376,0.112
0,8500.0,32,2.3060054821829055,0.08642744413987838,0.13862735381565908,216,108,2.0915246080054137,0.348866184899078,0.05058559681036631
0,8500.0,26,2.2958520739630184,0.08362485423954671,0.13452914798206278,216,108,2.092363471193664,0.3595702148925537,0.05472263868065967
0,6000.0,27,2.2819414703783014,0.08107304306447817,0.1306930693069307,173,87,2.0074732719358557,0.36438258386866523,0.05424696645253391
0,6000.0,33,2.2991119005328597,0.0817051509769099,0.13327433628318583,175,88,2.002438522744141,0.35239786856127886,0.056483126110124335
0,100.0,13,2.0816326530612246,0.03741496598639455,0.07317073170731707,17,9,1.5785340805948775,0.46938775510204084,0.04081632653061224
0,1000.0,43,2.2821052631578946,0.08982456140350885,0.14680851063829786,62,31,1.7042541146918184,0.3642105263157895,0.05052631578947368
0,1000.0,18,2.2719298245614037,0.08881578947368424,0.1455981941309255,60,30,1.7206491299712396,0.36403508771929827,0.03508771929824561
0,100.0,48,2.269230769230769,0.08974358974358974,0.14705882352941177,17,9,1.4098408047050501,0.36538461538461536,0.057692307692307696
0,1000.0,30,2.2767295597484276,0.08385744234800839,0.13113006396588486,65,33,1.7001789558402514,0.36268343815513626,0.050314465408805034
0,3000.0,7,2.289384719405003,0.07268424611223781,0.12146988771691052,121,61,1.7992925195321148,0.359026369168357,0.04935767410412441
0,1000.0,24,2.2882096069868996,0.09461426491994182,0.152317880794702,66,33,1.760289484966728,0.35152838427947597,0.05021834061135371
0,8500.0,41,2.295031847133758,0.08530785562632669,0.13698979591836735,225,113,2.1016634925942363,0.3559235668789809,0.05146496815286624
0,10000.0,4,2.304006783972864,0.09080630344145199,0.1456953642384106,247,124,2.149314145130509,0.3546745813016748,0.054059783760864955
0,8500.0,9,2.2945273631840797,0.08619402985074585,0.1396738453877754,203,102,2.0663618510708024,0.3574626865671642,0.051741293532338306
0,6000.0,40,2.325826882477129,0.09130893736805125,0.14414721417617993,190,95,2.0049628753289706,0.35010555946516536,0.0633356790992259
0,500.0,42,2.2510460251046025,0.07810320781032079,0.13548387096774195,44,22,1.5240199699775927,0.3891213389121339,0.05439330543933055
0,4500.0,21,2.317782909930716,0.08414164742109334,0.13494575045207957,151,76,1.923719759785592,0.3482678983833718,0.05958429561200924
0,4500.0,35,2.2828379674017256,0.08397251518056907,0.13853965183752417,161,81,2.0258447836663995,0.3638542665388303,0.05321188878235858
0,50.0,31,2.0,0.04,0.08108108108108109,10,5,1.3959373909399524,0.48,0.0
0,50.0,25,2.2142857142857144,0.10119047619047619,0.17307692307692307,13,7,1.3070255862046376,0.39285714285714285,0.03571428571428571
0,10000.0,12,2.297394619783944,0.08479841841417697,0.13606089438629876,233,117,2.1107200958780634,0.3535267951705147,0.05528489726752807
0,50.0,19,2.142857142857143,0.0,0.0,11,6,1.413272061831755,0.42857142857142855,0.0
0,250.0,16,2.2521008403361344,0.07983193277310924,0.12,30,15,1.5006769626774767,0.36134453781512604,0.025210084033613446
0,500.0,5,2.312,0.08666666666666661,0.13745019920318724,44,22,1.4021912911138292,0.336,0.048
0,500.0,4,2.2270742358078603,0.08442503639010189,0.14651162790697675,42,21,1.6140420765746522,0.37117903930131,0.05240174672489083
0,250.0,17,2.1923076923076925,0.06730769230769229,0.1256544502617801,24,12,1.6616774847050904,0.41346153846153844,0.038461538461538464
0,50.0,18,2.2962962962962963,0.17283950617283952,0.2777777777777778,12,6,1.397625926942,0.37037037037037035,0.037037037037037035
0,50.0,24,2.24,0.13333333333333333,0.23529411764705882,10,5,1.2468506468939173,0.44,0.12
0,10000.0,13,2.2668377164849263,0.07768512579288675,0.12819383259911896,243,122,2.0775658777533397,0.36155655334616205,0.046183450930083386
0,50.0,30,2.25,0.0,0.0,12,6,1.0133509827674385,0.375,0.0
0,4500.0,34,2.278822961890979,0.07662003537546236,0.125366568914956,134,67,1.9592659263568608,0.36468885672937773,0.05161601543656536
0,4500.0,20,2.278095238095238,0.08722222222222255,0.13894277400581959,148,74,1.9545588057743752,0.35904761904761906,0.04857142857142857
0,500.0,43,2.2555066079295156,0.0748898678414097,0.12808988764044943,39,20,1.5942019557297182,0.3876651982378855,0.06167400881057269
0,6000.0,41,2.3132699753607886,0.09081309398099331,0.1438498957609451,179,90,1.9569799752860022,0.3467089053150299,0.05279831045406547
0,8500.0,8,2.294629898403483,0.08409933881631951,0.13486005089058525,201,101,2.059248255344898,0.3563134978229318,0.05079825834542816
0,8500.0,40,2.28306148055207,0.0795064826432455,0.13055028462998103,219,110,2.104687973178252,0.3628607277289837,0.05470514429109159
0,10000.0,5,2.3025350932327675,0.08324603673440813,0.13425397155020247,245,123,2.0738144993456404,0.35428451707521474,0.05845380263984915
0,1000.0,25,2.2725274725274724,0.07399267399267394,0.12402234636871508,67,34,1.6588829309687996,0.3648351648351648,0.05714285714285714
0,1000.0,31,2.2695652173913046,0.093840579710145,0.14983351831298558,61,31,1.6735673288740307,0.3652173913043478,0.05434782608695652
0,3000.0,6,2.318820224719101,0.08778089887640417,0.1402061855670103,113,57,1.8475920714361806,0.34269662921348315,0.06320224719101124
0,100.0,49,2.2745098039215685,0.0849673202614379,0.14563106796116504,17,9,1.4114353126522554,0.39215686274509803,0.0784313725490196
0,1000.0,19,2.264069264069264,0.075036075036075,0.12694877505567928,61,31,1.723916910184172,0.36363636363636365,0.05194805194805195
0,1000.0,27,2.257510729613734,0.07403433476394845,0.12265193370165746,65,33,1.6861130734615177,0.37553648068669526,0.05150214592274678
0,3000.0,4,2.2935906271536872,0.0856880312428207,0.1384142173615858,119,60,1.8777394464144357,0.36871123363197794,0.06064782908339077
0,1000.0,33,2.3289473684210527,0.10818713450292408,0.17386722866174922,57,29,1.7548521544241489,0.34868421052631576,0.07456140350877193
0,10000.0,7,2.2989755383650428,0.08533695727925206,0.137387857291884,272,136,2.047630600948534,0.3527075057495296,0.05352289358143424
0,8500.0,42,2.310596526554241,0.08922728416813454,0.14067733531819873,228,114,2.118247758277219,0.34960986659954696,0.05814246161590737
0,6000.0,43,2.2900280898876404,0.07941245318352111,0.13027426160337552,169,85,1.988876551414513,0.3591994382022472,0.05793539325842697
0,500.0,41,2.2683982683982684,0.0707070707070707,0.11409395973154363,40,20,1.4648365596669715,0.3593073593073593,0.03896103896103896
0,4500.0,36,2.332099907493062,0.08718778908418157,0.13523211482395156,161,81,1.8958276045511822,0.3408880666049954,0.05735430157261795
0,4500.0,22,2.2506024096385544,0.0743775100401607,0.12553244800801805,143,72,1.98673035973779,0.37542168674698795,0.04674698795180723
0,10000.0,11,2.2979086641058473,0.08319106558543113,0.13267578746420616,233,117,2.088368095028537,0.35979513444302175,0.05655142979086641
0,50.0,26,2.2222222222222223,0.06172839506172839,0.11538461538461539,10,5,1.4180502972328428,0.4074074074074074,0.07407407407407407
0,50.0,32,2.4827586206896552,0.057471264367816084,0.08333333333333333,10,5,1.1808043877702992,0.3448275862068966,0.1724137931034483
0,10000.0,39,2.300360093200593,0.08592812257290044,0.1384079391891892,248,124,2.107826377551765,0.3518322389324296,0.05380216055920356
0,250.0,15,2.3464566929133857,0.08661417322834647,0.1387900355871886,30,15,1.4457335692805315,0.3858267716535433,0.13385826771653545
0,250.0,29,2.2419354838709675,0.09005376344086022,0.1518987341772152,25,13,1.503357710758669,0.3870967741935484,0.04032258064516129
0,500.0,6,2.2044444444444444,0.08592592592592593,0.14251781472684086,42,21,1.602901539932804,0.4,0.06222222222222222
0,500.0,7,2.229357798165138,0.07645259938837924,0.13138686131386862,40,20,1.6045512692330004,0.38073394495412843,0.045871559633027525
0,250.0,28,2.3089430894308944,0.07588075880758809,0.12840466926070038,29,15,1.3752620530295856,0.37398373983739835,0.0975609756097561
0,250.0,14,2.380952380952381,0.08333333333333334,0.13186813186813187,30,15,1.4494424388474498,0.3333333333333333,0.07142857142857142
0,10000.0,38,2.3007080383173677,0.08847008191031418,0.14118013712861002,232,116,2.089484796956394,0.35235318617242817,0.05081216159933361
0,50.0,33,2.076923076923077,0.07692307692307691,0.14285714285714285,11,6,1.2872803812444642,0.46153846153846156,0.0
0,10000.0,10,2.2794964796244934,0.0786572789986481,0.13065976714100905,225,113,2.114576353933771,0.3654789844250053,0.054619159377000216
0,50.0,27,2.2857142857142856,0.14285714285714285,0.2222222222222222,13,7,1.3828402323815545,0.35714285714285715,0.0
0,4500.0,23,2.296435272045028,0.0849749843652284,0.1374738311235171,141,71,1.8986517315629174,0.3616322701688555,0.06191369606003752
0,4500.0,37,2.298262548262548,0.07907014157014161,0.13037214885954382,147,74,2.0070269910725638,0.35714285714285715,0.056467181467181465
0,500.0,40,2.2638297872340427,0.08156028368794328,0.13938053097345132,42,21,1.4720649208026284,0.3659574468085106,0.029787234042553193
0,6000.0,42,2.3069444444444445,0.07899305555555605,0.13054607508532423,168,84,1.9428835057603622,0.35659722222222223,0.0642361111111111
0,10000.0,6,2.2998935037273696,0.0837415690450829,0.13556990157688645,237,119,2.0845004598862866,0.35484558040468583,0.05793397231096912
0,8500.0,43,2.30581800099453,0.08619260732637116,0.1389776357827476,224,112,2.074333944047769,0.3552958727001492,0.056439582297364496
0,3000.0,5,2.2600574712643677,0.06633141762452097,0.11354359925788497,121,61,1.8528378701374526,0.3656609195402299,0.05028735632183908
0,1000.0,32,2.3066666666666666,0.10518518518518531,0.16465422612513722,62,31,1.7582034055097577,0.3511111111111111,0.06
0,1000.0,26,2.306695464362851,0.08279337652987763,0.1337579617834395,57,29,1.7597925285738314,0.35853131749460043,0.06263498920086392
0,1000.0,22,2.3227176220806793,0.105095541401274,0.1683991683991684,66,33,1.6659841526286951,0.34182590233545646,0.055201698513800426
0,1000.0,36,2.294949494949495,0.08653198653198657,0.13747454175152748,62,31,1.6054423234553807,0.3474747474747475,0.046464646464646465
0,3000.0,1,2.2753726046841733,0.08493021055121804,0.1332129963898917,119,60,1.843001595225336,0.3633782824698368,0.051809794180269694
0,50.0,9,2.16,0.07999999999999999,0.14634146341463414,12,6,1.208051955747276,0.32,0.0
0,6000.0,46,2.2804920913884006,0.08295254833040476,0.13607142857142857,182,91,2.0031600419035227,0.3616871704745167,0.04569420035149385
0,8500.0,47,2.3063640848544646,0.08378556158526534,0.13356039411263837,224,112,2.0374992543371824,0.35569807597434633,0.05944745929945733
0,10000.0,2,2.3047498949138294,0.09054925038531493,0.1452217364147408,234,117,2.1302156972164106,0.3526691887347625,0.05674653215636822
0,500.0,44,2.341463414634146,0.12059620596205951,0.18426103646833014,38,19,1.5808114718880022,0.35365853658536583,0.08130081300813008
0,4500.0,33,2.308277830637488,0.08809070726292452,0.14047058823529412,136,68,1.935388133061084,0.35014272121788775,0.05518553758325404
0,4500.0,27,2.2982954545454546,0.08499053030303053,0.13671782762691853,156,78,2.0247922843731776,0.35795454545454547,0.050662878787878785
0,3000.0,49,2.2823200559049615,0.07721872816212424,0.12725344644750794,119,60,1.8319198085597101,0.36268343815513626,0.0496156533892383
0,10000.0,28,2.3026123301985373,0.08683385579937224,0.13830339528605545,215,108,2.073205170507611,0.35381400208986413,0.05370950888192268
0,50.0,23,2.4444444444444446,0.12345679012345678,0.19672131147540983,12,6,1.353231364985537,0.25925925925925924,0.1111111111111111
0,10000.0,14,2.312579415501906,0.08410984046307989,0.1349890886417957,236,118,2.088735524899555,0.35324015247776364,0.05950868276154172
0,50.0,37,2.074074074074074,0.06790123456790123,0.13333333333333333,11,6,1.2776737260851794,0.48148148148148145,0.037037037037037035
0,250.0,38,2.265486725663717,0.09587020648967552,0.16,23,12,1.6399921747486799,0.3893805309734513,0.07079646017699115
0,500.0,3,2.2,0.057971014492753624,0.09420289855072464,43,22,1.4369579664202785,0.3826086956521739,0.017391304347826087
0,250.0,10,2.352,0.12400000000000004,0.1724137931034483,35,18,1.43485518101075,0.32,0.064
0,250.0,11,2.206896551724138,0.061781609195402286,0.11320754716981132,30,15,1.436555435219804,0.3793103448275862,0.034482758620689655
0,500.0,2,2.309623430962343,0.10041841004184093,0.17177914110429449,44,22,1.5947742391510153,0.35564853556485354,0.07112970711297072
0,250.0,39,2.2950819672131146,0.0710382513661202,0.11203319502074689,26,13,1.5087758921817696,0.36065573770491804,0.02459016393442623
0,50.0,36,2.0,0.03571428571428571,0.07142857142857142,10,5,0.9394330452710886,0.5,0.0
0,50.0,22,2.3870967741935485,0.11827956989247312,0.17391304347826086,11,6,1.3271604143537858,0.3548387096774194,0.0967741935483871
0,10000.0,15,2.301052179514709,0.08506907164841378,0.1385747813100064,241,121,2.1377915797712994,0.35473480781619066,0.056044663946746835
0,3000.0,48,2.2657952069716774,0.07225853304284661,0.11924219910846955,133,67,1.8224647888443406,0.3681917211328976,0.05519244734931009
0,10000.0,29,2.2906456424461963,0.08399034022302633,0.13352638352638352,237,119,2.1027242852905053,0.3543575538035372,0.051139995738333686
0,4500.0,26,2.3266239707227814,0.09210125038121406,0.14679715302491103,158,79,1.961129372858092,0.34492223238792313,0.0585544373284538
0,4500.0,32,2.285169289461135,0.07884279128914334,0.1281190019193858,152,76,1.9630297907548877,0.36194563662374823,0.055317119694802096
0,500.0,45,2.295964125560538,0.06576980568011961,0.10690423162583519,44,22,1.5526749286188262,0.35874439461883406,0.06278026905829596
0,8500.0,46,2.326289926289926,0.08595413595413555,0.13626583791537175,213,107,2.0391559895966758,0.3434889434889435,0.05945945945945946
0,10000.0,3,2.2966588635879974,0.0810101440022693,0.13136358805399087,229,115,2.0765405878497742,0.35667163226218346,0.05235156416258779
0,50.0,8,2.5185185185185186,0.14814814814814814,0.22388059701492538,11,6,1.4715055756009912,0.2962962962962963,0.14814814814814814
0,6000.0,47,2.311111111111111,0.08640046296296355,0.1376005476638713,174,87,1.9882631918466314,0.35173611111111114,0.05486111111111111
0,1000.0,37,2.3227176220806793,0.08704883227176226,0.13946280991735538,65,33,1.5672674019628539,0.3481953290870488,0.06157112526539278
0,3000.0,0,2.3310152990264257,0.09156235512285552,0.14459049544994945,118,59,1.8650267177194362,0.33936022253129344,0.061891515994436715
0,1000.0,23,2.3045267489711936,0.09087791495198909,0.14634146341463414,66,33,1.6176092360801295,0.3559670781893004,0.059670781893004114
0,3000.0,2,2.2837653478854025,0.07833105957253271,0.12948137835015663,134,67,1.8372410723630366,0.35129604365620737,0.040927694406548434
0,1000.0,35,2.3010752688172045,0.07921146953405017,0.13043478260869565,68,34,1.736723780461062,0.3634408602150538,0.06236559139784946
0,1000.0,21,2.343220338983051,0.10557909604519787,0.15660184237461616,61,31,1.6198137035548605,0.3305084745762712,0.05296610169491525
0,6000.0,45,2.2882373719533735,0.08036029671494221,0.12950790548942973,172,86,2.026319395762896,0.35923701872129987,0.05263157894736842
0,10000.0,1,2.3075291622481444,0.08911276069282359,0.14422776097611847,243,122,2.0987347381932255,0.35588547189819725,0.06277836691410392
0,8500.0,44,2.2966459627329194,0.08463768115942001,0.1360248447204969,217,109,2.028374815958946,0.355527950310559,0.051180124223602484
0,500.0,47,2.23728813559322,0.07556497175141244,0.13073394495412843,36,18,1.6074154685308528,0.3601694915254237,0.012711864406779662
0,100.0,8,2.2325581395348837,0.05426356589147286,0.10588235294117647,17,9,1.4327325784736482,0.3953488372093023,0.11627906976744186
0,6000.0,8,2.3285464098073554,0.08727378867484016,0.1369653767820774,176,88,1.9788423946506308,0.3446584938704028,0.06199649737302977
0,4500.0,18,2.298676748582231,0.08451480781348471,0.13694117647058823,151,76,1.8746069386933495,0.3558601134215501,0.055293005671077505
0,4500.0,24,2.2782277274892806,0.08035572494838825,0.13015026660203588,148,74,1.9061053987601622,0.3620771796093378,0.04716531681753216
0,4500.0,30,2.3072677092916285,0.0867831953388534,0.13926630434782608,152,76,1.892261997656512,0.3532658693652254,0.06347746090156393
0,50.0,34,2.1739130434782608,0.043478260869565216,0.075,9,5,1.2409675823557054,0.391304347826087,0.0
0,10000.0,17,2.2817144087874217,0.08223849522578738,0.1356980149690856,233,117,2.1031240702371874,0.36248115442601764,0.05965970277837605
0,50.0,20,2.0,0.03571428571428571,0.07317073170731707,12,6,1.1209412951244897,0.4642857142857143,0.0
0,500.0,0,2.253393665158371,0.0784313725490196,0.13317757009345793,36,18,1.6502429716306684,0.38009049773755654,0.049773755656108594
0,250.0,13,2.3410852713178296,0.10723514211886309,0.17391304347826086,32,16,1.4702435600735675,0.3643410852713178,0.09302325581395349
0,250.0,12,2.40625,0.08854166666666667,0.13732394366197184,29,15,1.4303039794095718,0.3203125,0.0859375
0,500.0,1,2.2977099236641223,0.07315521628498729,0.11977186311787072,55,28,1.5381617868879687,0.3473282442748092,0.0648854961832061
0,10000.0,16,2.3089840470193117,0.08903582423733451,0.14107365792759052,212,106,2.0949203037830357,0.34802686817800166,0.05163727959697733
0,50.0,21,2.0,0.0,0.0,10,5,1.304673719104466,0.5,0.038461538461538464
0,50.0,35,2.1739130434782608,0.08695652173913042,0.14634146341463414,9,5,1.22886586499224,0.391304347826087,0.043478260869565216
0,4500.0,31,2.279620853080569,0.07701421800947883,0.12900143334925943,139,70,1.8930956011716416,0.36635071090047394,0.05829383886255924
0,4500.0,25,2.305542617605962,0.08430367955286469,0.13501038541426263,153,77,2.001350665304856,0.3497904052165813,0.05728924080111784
0,4500.0,19,2.289759320434167,0.08030517539720004,0.13058991436726927,157,79,1.8669781502589635,0.3544124587069372,0.05002359603586597
0,6000.0,9,2.280890804597701,0.08261494252873613,0.13616557734204793,154,77,1.9784419748495137,0.3613505747126437,0.05531609195402299
0,100.0,9,2.2222222222222223,0.04074074074074074,0.07058823529411765,15,8,1.3271515204160924,0.37777777777777777,0.06666666666666667
0,500.0,46,2.2711864406779663,0.08192090395480225,0.13665943600867678,44,22,1.462471154079554,0.3644067796610169,0.046610169491525424
0,10000.0,0,2.2963122708647834,0.087089353748831,0.1394822006472492,220,110,2.1252675045413794,0.35518654302350655,0.05132628854863058
0,8500.0,45,2.3125154282893114,0.08401217806302934,0.1343662994794819,213,107,2.0778183280617193,0.3525055541841521,0.06171315724512466
0,6000.0,44,2.2790863668807995,0.08321437068760457,0.1343608340888486,177,89,2.0340466356539957,0.360813704496788,0.04925053533190578
0,1000.0,20,2.2388059701492535,0.0717839374555792,0.12244897959183673,72,36,1.6289056622211897,0.36673773987206826,0.03624733475479744
0,3000.0,3,2.294943820224719,0.08813202247190989,0.1429572529782761,121,61,1.9077243872782703,0.3574438202247191,0.05688202247191011
0,1000.0,34,2.3564356435643563,0.11188118811881208,0.17029328287606432,63,32,1.7172249684521712,0.32475247524752476,0.055445544554455446
0,1000.0,39,2.293103448275862,0.07758620689655174,0.12717391304347825,62,31,1.639493240780827,0.34913793103448276,0.04741379310344827
0,100.0,41,2.193548387096774,0.016129032258064516,0.02631578947368421,21,11,1.070973802180834,0.41935483870967744,0.03225806451612903
0,1000.0,11,2.327800829875519,0.09854771784232366,0.16216216216216217,67,34,1.6978077692396625,0.34647302904564314,0.07053941908713693
0,6000.0,49,2.2968806023664396,0.08772558862196776,0.14295912903801536,187,94,2.049480834112955,0.3567586948727142,0.05844388669774113
0,50.0,6,2.1739130434782608,0.0,0.0,9,5,1.0496348213275466,0.43478260869565216,0.08695652173913043
0,8500.0,0,2.286636860407352,0.0786140089418777,0.12715033657442035,218,109,2.053203262670058,0.36438152011922503,0.05489319423745653
0,8500.0,48,2.30004894762604,0.08357807146353377,0.13443740867023868,220,110,2.060704370293054,0.3556045031815957,0.05408712677435144
0,6000.0,4,2.293238434163701,0.08920521945433048,0.1454286223489574,169,85,2.0359946307835783,0.35765124555160144,0.052669039145907474
0,100.0,4,2.326530612244898,0.08843537414965985,0.14285714285714285,18,9,1.244459436366569,0.3877551020408163,0.10204081632653061
0,4500.0,14,2.2713664896185417,0.07556735876388222,0.1237721021611002,152,76,1.9137662202905168,0.3684210526315789,0.05504587155963303
0,4500.0,28,2.2843994477680627,0.08114741524773757,0.13334868724090282,152,76,1.9144114586086969,0.36631385181776344,0.06304647952139898
0,10000.0,27,2.302584576591721,0.08166981858933887,0.13157620585477653,231,116,2.104380021101034,0.3563773902080269,0.055473839041815506
0,50.0,10,2.272727272727273,0.15909090909090912,0.26666666666666666,11,6,1.5293795628723186,0.4090909090909091,0.09090909090909091
0,3000.0,46,2.313780918727915,0.0929328621908124,0.14629049111807732,116,58,1.8392979591956704,0.3484098939929329,0.053003533568904596
0,10000.0,33,2.276889848812095,0.07501799856011496,0.12427397260273973,223,112,2.106502436826398,0.3617710583153348,0.05529157667386609
0,50.0,38,2.2857142857142856,0.06547619047619047,0.10526315789473684,13,7,1.313585025928625,0.39285714285714285,0.07142857142857142
0,250.0,23,2.173076923076923,0.0705128205128205,0.1218274111675127,29,15,1.6741000825982824,0.4519230769230769,0.09615384615384616
0,250.0,37,2.1359223300970873,0.05987055016181228,0.11666666666666667,28,14,1.788372440636175,0.4174757281553398,0.05825242718446602
0,250.0,36,2.283333333333333,0.08472222222222221,0.15,24,12,1.4208926298894062,0.35,0.08333333333333333
0,250.0,22,2.258992805755396,0.09352517985611516,0.1471698113207547,36,18,1.361317924877393,0.37410071942446044,0.014388489208633094
0,50.0,39,2.2580645161290325,0.053763440860215055,0.09523809523809523,11,6,1.192647589158842,0.41935483870967744,0.0967741935483871
0,10000.0,32,2.292082360433029,0.0841647208660574,0.13538658966955405,233,117,2.0965238876015606,0.35194226278921675,0.04882190617703248
0,10000.0,26,2.2971526439734533,0.0922000999072282,0.14827070879590093,226,113,2.089996266902507,0.3551701991008349,0.056090772853778635
0,3000.0,47,2.2918149466192173,0.08493475682087755,0.13791874554526015,109,55,1.8707315931845199,0.3580071174377224,0.05551601423487545
0,50.0,11,2.25,0.20833333333333334,0.2608695652173913,11,6,1.6198528719321605,0.3333333333333333,0.08333333333333333
0,4500.0,29,2.295314718409844,0.0878687490140404,0.14326443335709194,145,73,1.9315523897609845,0.351159488878372,0.050165641268338855
0,4500.0,15,2.283373493975904,0.08112449799196805,0.1326007326007326,134,67,1.9392466711430434,0.36048192771084336,0.04626506024096386
0,100.0,5,2.2962962962962963,0.07098765432098765,0.11009174311926606,20,10,1.2398688970140235,0.35185185185185186,0.07407407407407407
0,6000.0,5,2.311808776311095,0.08259008205494155,0.13185654008438819,180,90,1.9802733621689124,0.3474848376739208,0.05815198002140564
0,8500.0,49,2.286150712830957,0.08443652410047493,0.13685427910562836,198,99,2.06747107451354,0.35870672097759676,0.05015274949083503
0,8500.0,1,2.295369211514393,0.08468919482686658,0.1376112294773781,211,106,2.075539803709642,0.35569461827284105,0.05081351689612015
0,6000.0,48,2.297701568770522,0.08664720904779327,0.13726207906295754,170,85,1.9901308142959202,0.3487778183144838,0.04925209777453484
0,50.0,7,2.129032258064516,0.0,0.0,13,7,0.9926348222487168,0.45161290322580644,0.06451612903225806
0,1000.0,10,2.2733188720173536,0.06832971800433832,0.11358574610244988,59,30,1.6483030053844008,0.3600867678958785,0.04121475054229935
0,100.0,40,2.1481481481481484,0.018518518518518517,0.031578947368421054,16,8,1.1276805195395163,0.42592592592592593,0.037037037037037035
0,1000.0,38,2.3474747474747475,0.10101010101010112,0.15087040618955513,71,36,1.6300012869080762,0.3333333333333333,0.06060606060606061
0,1000.0,12,2.3073684210526317,0.07684210526315784,0.12212943632567849,69,35,1.6780532247253737,0.3494736842105263,0.05263157894736842
0,100.0,42,2.3703703703703702,0.09876543209876543,0.15384615384615385,17,9,1.2306225413671068,0.3333333333333333,0.09259259259259259
0,50.0,5,2.0,0.03968253968253968,0.09375,9,5,1.5909234847998848,0.47619047619047616,0.047619047619047616
0,8500.0,3,2.299028158484924,0.076916687432511,0.12692307692307692,206,103,2.052454724407664,0.35360079740842265,0.05681535011213556
0,500.0,48,2.3552123552123554,0.08751608751608747,0.13513513513513514,54,27,1.461404052714882,0.3436293436293436,0.0888030888030888
0,100.0,7,2.3157894736842106,0.07894736842105263,0.13157894736842105,20,10,1.3438969300872834,0.3333333333333333,0.03508771929824561
0,6000.0,7,2.2931392931392933,0.08477708477708525,0.1361975995825361,171,86,1.994919784491401,0.3530838530838531,0.05266805266805267
0,4500.0,17,2.272552783109405,0.08229366602687152,0.13894277400581959,155,78,1.9761436922415192,0.3718809980806142,0.06190019193857965
0,10000.0,30,2.3057538849223014,0.0792384152316949,0.1253908692933083,227,114,2.0947247328329053,0.3504829903401932,0.052708945821083576
0,50.0,13,2.090909090909091,0.0,0.0,8,4,1.1220934680932761,0.45454545454545453,0.045454545454545456
0,3000.0,45,2.2975206611570247,0.07943067033976098,0.13039014373716631,110,55,1.7599125103925009,0.36019283746556474,0.05716253443526171
0,10000.0,24,2.310221285563751,0.08514225500526798,0.13528431576754843,223,112,2.081108700977864,0.350263435194942,0.05289778714436249
0,10000.0,18,2.3009667927700717,0.08396385035729231,0.1359639941385807,234,117,2.080010563910648,0.35287936107608237,0.053173602353930226
0,250.0,34,2.378787878787879,0.10353535353535354,0.15789473684210525,29,15,1.388183724369982,0.32575757575757575,0.07575757575757576
0,250.0,20,2.1636363636363636,0.062121212121212105,0.10880829015544041,29,15,1.5889041365193333,0.39090909090909093,0.03636363636363636
0,250.0,21,2.3692307692307693,0.08076923076923077,0.1299638989169675,28,14,1.3164910673874541,0.3153846153846154,0.07692307692307693
0,250.0,35,2.2413793103448274,0.08045977011494253,0.14537444933920704,24,12,1.321189133836839,0.4051724137931034,0.06896551724137931
0,10000.0,19,2.3080851063829786,0.08680851063829714,0.1385295045755759,213,107,2.1070226520936375,0.35127659574468084,0.05531914893617021
0,3000.0,44,2.305131761442441,0.08668515950069315,0.14060896339377352,128,64,1.9255052460369877,0.35714285714285715,0.059639389736477116
0,50.0,12,2.3225806451612905,0.15053763440860213,0.23809523809523808,14,7,1.3812787405540807,0.3548387096774194,0.03225806451612903
0,10000.0,25,2.291649003815176,0.08103716263953599,0.1325685149776928,237,119,2.0991167673776006,0.35926239932174653,0.05277660025434506
0,10000.0,31,2.292149292149292,0.08404833404833345,0.1350513259195894,239,120,2.09163662127678,0.3633633633633634,0.05834405834405834
0,4500.0,16,2.29089219330855,0.08697335811648102,0.14026517794836008,148,74,1.9573327551489499,0.35920074349442377,0.056691449814126396
0,6000.0,6,2.304241149667017,0.08289519803715445,0.13501303214596003,177,89,1.998929087535451,0.3536628110760603,0.055029793200140203
0,100.0,6,2.230769230769231,0.06730769230769232,0.12121212121212122,17,9,1.4690437084604713,0.40384615384615385,0.038461538461538464
0,500.0,49,2.237885462555066,0.0682819383259912,0.12558139534883722,38,19,1.5957608049953926,0.3656387665198238,0.05286343612334802
0,8500.0,2,2.3147869674185464,0.08847117794486174,0.1417671671178932,214,107,2.054612394024125,0.3468671679197995,0.06015037593984962
0,50.0,4,2.3157894736842106,0.14035087719298245,0.23076923076923078,9,5,1.446997864192273,0.3684210526315789,0.05263157894736842
0,100.0,43,2.2666666666666666,0.0925925925925926,0.16483516483516483,16,8,1.4362610556959443,0.4,0.08888888888888889
0,1000.0,13,2.2974828375286043,0.08314263920671239,0.13544018058690746,58,29,1.7657436357277176,0.35926773455377575,0.07322654462242563
0,1000.0,17,2.319327731092437,0.08368347338935576,0.1411042944785276,60,30,1.6509744309905208,0.35084033613445376,0.06512605042016807
0,100.0,47,2.2545454545454544,0.060606060606060615,0.10909090909090909,16,8,1.4647970973329227,0.4,0.09090909090909091
0,3000.0,8,2.313752591568763,0.09594563464639456,0.14883563955450557,117,59,1.8331005203281623,0.35176226675881134,0.06841741534208708
0,8500.0,6,2.2756904702662353,0.07555776727212411,0.12476298824421692,215,108,2.1118599424920985,0.3650161731774073,0.0520029858173675
0,50.0,0,2.260869565217391,0.11594202898550723,0.2,10,5,1.4863025136978905,0.391304347826087,0.043478260869565216
0,100.0,2,2.2666666666666666,0.11851851851851851,0.22580645161290322,16,8,1.5934012901130647,0.4,0.13333333333333333
0,6000.0,2,2.30049610205528,0.08445546893456243,0.13617171006333567,172,86,2.0123842134496575,0.35648476257973066,0.05669737774627923
0,4500.0,12,2.294943820224719,0.08629837702871432,0.14076868663051167,149,75,1.9205931715290634,0.34597378277153557,0.04962546816479401
0,10000.0,35,2.3033568172399503,0.08737394667771714,0.14124525592368448,233,117,2.0550995771233094,0.3553667633651057,0.05801906340654787
0,10000.0,21,2.292153589315526,0.07947273233166346,0.1288976952758369,223,112,2.0829463358466707,0.3580968280467446,0.05863939899833055
0,50.0,16,2.0,0.045454545454545456,0.08823529411764706,8,4,1.574342989600314,0.5,0.045454545454545456
0,3000.0,40,2.310829817158931,0.08520862634786662,0.13820574991340492,115,58,1.856161265971101,0.35161744022503516,0.056962025316455694
0,250.0,19,2.390625,0.10026041666666669,0.1601423487544484,29,15,1.331534483805391,0.3359375,0.078125
0,250.0,31,2.201550387596899,0.0697674418604651,0.12345679012345678,31,16,1.4214519318567058,0.4186046511627907,0.06201550387596899
0,250.0,25,2.237037037037037,0.06543209876543209,0.10546875,32,16,1.3881429805261067,0.3925925925925926,0.02962962962962963
0,250.0,24,2.3692307692307693,0.07564102564102565,0.11785714285714285,29,15,1.4872833673379426,0.3384615384615385,0.07692307692307693
0,250.0,30,2.2241379310344827,0.07614942528735631,0.1261682242990654,26,13,1.4864758707115375,0.3620689655172414,0.034482758620689655
0,250.0,18,2.28099173553719,0.07162534435261705,0.1125,24,12,1.2815338554513078,0.36363636363636365,0.05785123966942149
0,10000.0,20,2.2930783620868844,0.08106422781126515,0.1307604285862894,247,124,2.097271134234694,0.35772188734150906,0.05425067553523176
0,3000.0,41,2.295035460992908,0.07470449172576818,0.12295081967213115,114,57,1.8200284424662456,0.3546099290780142,0.04539007092198582
0,50.0,17,2.2962962962962963,0.16049382716049382,0.2631578947368421,11,6,1.3825263160088628,0.4074074074074074,0.1111111111111111
0,10000.0,34,2.285407264130668,0.08413926499032807,0.13655576026877642,227,114,2.1137344816069272,0.36041263700838166,0.05179454115624328
0,4500.0,13,2.2981783317353788,0.07965803771172908,0.1285919540229885,142,71,1.922213360834805,0.35618408437200383,0.04937679769894535
0,6000.0,3,2.32384966631542,0.08974358974359033,0.14112213479302088,179,90,2.0123874037343836,0.3498419388830348,0.05584826132771338
0,100.0,3,2.2439024390243905,0.10162601626016261,0.18518518518518517,13,7,1.4930873464125693,0.4146341463414634,0.07317073170731707
0,50.0,1,1.9166666666666667,0.0,0.0,8,4,1.5421367388279474,0.5416666666666666,0.0
0,8500.0,7,2.283910078302602,0.0835648732844992,0.13643351268255188,216,108,2.085168681330531,0.3569083101793382,0.04698156100025259
0,3000.0,9,2.2867487328023173,0.08134202268887254,0.1324334184604159,119,60,1.8231107463064715,0.3555394641564084,0.055756698044895005
0,100.0,46,2.2745098039215685,0.0718954248366013,0.11650485436893204,20,10,1.2854175132073338,0.39215686274509803,0.0784313725490196
0,1000.0,16,2.250539956803456,0.060475161987041,0.10596026490066225,66,33,1.5929417270544508,0.38660907127429806,0.06911447084233262
0,100.0,44,2.24,0.09333333333333334,0.15625,15,8,1.4489555474563443,0.4,0.04
0,1000.0,14,2.37890625,0.10221354166666675,0.162748643761302,65,33,1.6545590506390553,0.326171875,0.076171875
0,1000.0,28,2.3073593073593073,0.08044733044733042,0.13001083423618634,60,30,1.6033664177125433,0.3354978354978355,0.047619047619047616
0,8500.0,5,2.2918024567560793,0.08502548675524321,0.13964020631525978,221,111,2.1133555636621715,0.35698169967410376,0.052143394334419654
0,10000.0,8,2.300870285951098,0.08392043099875598,0.1352522438873414,236,118,2.1069775303627223,0.3516369664318276,0.05511811023622047
0,50.0,3,2.2962962962962963,0.09876543209876544,0.16666666666666666,11,6,1.238020183352248,0.37037037037037035,0.037037037037037035
0,6000.0,1,2.3024390243902437,0.08478513356562196,0.1364343766211309,187,94,2.000377516004732,0.3557491289198606,0.05435540069686411
0,100.0,1,2.1777777777777776,0.04074074074074074,0.07317073170731707,13,7,1.383797142193845,0.4222222222222222,0.044444444444444446
0,4500.0,39,2.285169289461135,0.08392942298521715,0.1351481570705854,153,77,1.9429629682507874,0.3547925608011445,0.05436337625178827
0,4500.0,11,2.307098020280058,0.0816030902945438,0.1326241134751773,140,70,1.9540691527237848,0.36166103331723803,0.06663447609850313
0,50.0,29,2.0952380952380953,0.09523809523809523,0.17142857142857143,8,4,1.4906920334256557,0.42857142857142855,0.047619047619047616
0,50.0,15,2.0,0.043859649122807015,0.1,7,4,1.5157802117456352,0.5263157894736842,0.05263157894736842
0,3000.0,43,2.2881236823612086,0.07671585851487446,0.12660944206008584,119,60,1.8031084094598138,0.34645115952213634,0.0421644413211525
0,10000.0,22,2.284233261339093,0.08135349172066175,0.13307901907356948,227,114,2.1099675229589194,0.36004319654427647,0.0531317494600432
0,10000.0,36,2.315080033698399,0.09267059814658693,0.14706187169654886,247,124,2.1250349172936405,0.3456192080876158,0.05644481887110362
0,250.0,26,2.15,0.05833333333333333,0.0995260663507109,28,14,1.4784518480903766,0.425,0.03333333333333333
0,500.0,9,2.381679389312977,0.08905852417302793,0.13392857142857142,49,25,1.455504201339055,0.32061068702290074,0.05343511450381679
0,250.0,32,2.2615384615384615,0.05512820512820513,0.09523809523809523,31,16,1.48538254098545,0.36153846153846153,0.05384615384615385
0,250.0,33,2.1724137931034484,0.0675287356321839,0.1024390243902439,26,13,1.5958505877157023,0.3879310344827586,0.034482758620689655
0,500.0,8,2.213675213675214,0.06410256410256412,0.10884353741496598,40,20,1.5770441144492329,0.41025641025641024,0.04700854700854701
0,250.0,27,2.3333333333333335,0.11111111111111113,0.16216216216216217,30,15,1.4572224427057927,0.3412698412698413,0.047619047619047616
0,10000.0,37,2.3025565180646526,0.08419607014578408,0.13745019920318724,252,126,2.1157970038173612,0.3545320092964293,0.055567293471371224
0,3000.0,42,2.32,0.09154761904761867,0.14659685863874344,105,53,1.842488054650257,0.3514285714285714,0.055
0,50.0,14,2.24,0.15333333333333335,0.2553191489361702,9,5,1.5662150079319046,0.36,0.04
0,10000.0,23,2.2967147938899353,0.08157215596010256,0.13081668932343407,233,117,2.0747385361365,0.3563507009834693,0.051265955220757484
0,50.0,28,2.074074074074074,0.0,0.0,13,7,1.1527740117454932,0.37037037037037035,0.0
0,4500.0,10,2.3405994550408717,0.08885861338177443,0.14011348756001746,154,77,1.9383719809106692,0.33787465940054495,0.061762034514078114
0,4500.0,38,2.2900188323917137,0.07744821092278727,0.12321937321937322,165,83,1.9307840708175197,0.3512241054613936,0.051789077212806026
0,100.0,0,2.1818181818181817,0.05151515151515152,0.08823529411764706,17,9,1.302086812631789,0.43636363636363634,0.05454545454545454
0,6000.0,0,2.289885297184567,0.08886571660294357,0.1418848167539267,187,94,1.9832399760926558,0.3607924921793535,0.051094890510948905
0,50.0,2,2.4285714285714284,0.1488095238095238,0.234375,12,6,1.42495424111046,0.32142857142857145,0.10714285714285714
0,10000.0,9,2.306100452683768,0.0852554429834009,0.13830356187827575,214,107,2.139784241912664,0.3492131924983833,0.053890924768269025
0,8500.0,4,2.297872340425532,0.0868794326241131,0.13857868020304567,217,109,2.076326702143508,0.35030395136778114,0.04989868287740628
0,1000.0,29,2.2922755741127347,0.08768267223382047,0.14450261780104712,63,32,1.792246094185066,0.3569937369519833,0.05219206680584551
0,1000.0,15,2.2606837606837606,0.07585470085470084,0.12596685082872927,60,30,1.6712389303680535,0.36752136752136755,0.04487179487179487
0,100.0,45,2.196078431372549,0.039215686274509796,0.06521739130434782,21,11,1.4278329281693822,0.39215686274509803,0.0196078431372549
0,100.0,22,2.1818181818181817,0.0984848484848485,0.14634146341463414,15,8,1.7181629965495069,0.4318181818181818,0.06818181818181818
0,100.0,36,2.235294117647059,0.08823529411764706,0.15,14,7,1.1345233103676808,0.4117647058823529,0.0784313725490196
0,8500.0,17,2.28464232116058,0.08104052026012977,0.13147259408941653,221,111,2.1213064473008,0.3601800900450225,0.05102551275637819
0,1000.0,2,2.31434184675835,0.08349705304518665,0.13333333333333333,74,37,1.6088452975220013,0.34577603143418467,0.05893909626719057
0,6000.0,16,2.288564303526897,0.0830067687923055,0.1354110693175712,172,86,2.0063716593147634,0.3576772354827218,0.054150338439615246
0,500.0,28,2.3663003663003663,0.08608058608058602,0.13402061855670103,51,26,1.4387989156421273,0.336996336996337,0.06227106227106227
0,500.0,14,2.2901960784313724,0.08104575163398695,0.1312127236580517,49,25,1.5451037265267067,0.34901960784313724,0.043137254901960784
0,4500.0,5,2.3207547169811322,0.08922955974842797,0.13828070984097718,151,76,1.910740991980006,0.3466981132075472,0.05849056603773585
0,3000.0,25,2.294323756131745,0.08689558514365778,0.14090431125131442,122,61,1.8318297530861036,0.3559915907498248,0.05466012613875263
0,10000.0,44,2.2913284920973944,0.0824434002563,0.1328484329874853,227,114,2.1187574015978075,0.35946176847501066,0.054677488252883384
0,3000.0,31,2.265335235378031,0.06538278649548257,0.10966340933767643,115,58,1.817246611624092,0.3780313837375178,0.062054208273894434
0,3000.0,19,2.303886925795053,0.08492343934040027,0.13279036827195467,131,66,1.85197947229895,0.34275618374558303,0.045229681978798585
0,250.0,40,2.292307692307692,0.12307692307692315,0.20532319391634982,29,15,1.6318576937665432,0.36923076923076925,0.06923076923076923
0,250.0,41,2.292682926829268,0.09485094850948513,0.14754098360655737,32,16,1.3957941381079253,0.35772357723577236,0.04065040650406504
0,3000.0,18,2.2678185745140387,0.08507319414446819,0.1378169790518192,118,59,1.8860668872434094,0.36861051115910726,0.054715622750179986
0,3000.0,30,2.306826178747361,0.08397841895378814,0.1332167832167832,120,60,1.8569076886394122,0.34904996481351164,0.04996481351161154
0,3000.0,24,2.3328748280605227,0.09261806510774848,0.14399205561072492,120,60,1.8335585291456291,0.34112792297111416,0.07083906464924347
0,10000.0,45,2.3154334038054967,0.08981677237491092,0.1442667220606564,230,115,2.1185818133546275,0.3477801268498943,0.05687103594080338
0,4500.0,4,2.304957904583723,0.0898035547240415,0.14623955431754876,151,76,1.9148163509758014,0.35032740879326474,0.05472404115996258
0,500.0,15,2.2672413793103448,0.09626436781609196,0.1575492341356674,45,23,1.5897400475295196,0.38362068965517243,0.05172413793103448
0,500.0,29,2.300429184549356,0.0958512160228898,0.15450643776824036,41,21,1.5949959393112019,0.34763948497854075,0.05150214592274678
0,6000.0,17,2.3074192403265887,0.08780026032422253,0.14029535864978904,173,87,1.995729080220705,0.3496627618033369,0.054668086616968405
0,8500.0,16,2.293848500254194,0.08057956278596837,0.13036829361539443,200,100,2.06501000372114,0.3548551093035079,0.052109811896288764
0,1000.0,3,2.2929936305732483,0.09766454352441618,0.15806451612903225,64,32,1.7293746470449116,0.3503184713375796,0.03821656050955414
0,100.0,37,2.1481481481481484,0.046296296296296294,0.09574468085106383,18,9,1.3495693345946087,0.4074074074074074,0.037037037037037035
0,100.0,23,2.16,0.09666666666666666,0.16666666666666666,17,9,1.4156047087300203,0.42,0.06
0,100.0,35,2.260869565217391,0.10144927536231883,0.16304347826086957,15,8,1.5319306277273952,0.391304347826087,0.08695652173913043
0,100.0,21,2.269230769230769,0.08653846153846154,0.14563106796116504,18,9,1.5396205112865151,0.38461538461538464,0.057692307692307696
0,1000.0,1,2.282700421940928,0.09493670886075953,0.14904862579281183,60,30,1.717268569119815,0.3670886075949367,0.06329113924050633
0,8500.0,14,2.3113534952900348,0.08829119153858822,0.14216104275794858,207,104,2.081686865744376,0.3515121467526029,0.06073376301437779
0,6000.0,29,2.300784034212402,0.084996436208126,0.1381087806612158,182,91,1.9942732049152672,0.3524590163934426,0.05096222380612972
0,8500.0,28,2.3072722759990074,0.08525688756515222,0.1363803907113896,220,110,2.0803278515678882,0.3504591710101762,0.055100521221146684
0,6000.0,15,2.303628038041564,0.08224727016555178,0.13367115149397168,180,90,1.9651954134247132,0.35188446636139487,0.05671010919337795
0,250.0,8,2.4186046511627906,0.14211886304909563,0.21352313167259787,29,15,1.4174145283453905,0.29457364341085274,0.046511627906976744
0,500.0,17,2.355371900826446,0.09090909090909087,0.14145383104125736,44,22,1.5791813946720834,0.3347107438016529,0.05785123966942149
0,4500.0,6,2.2948779320248924,0.0895165150789854,0.14330292846855497,140,70,1.940863213018103,0.35471517472474867,0.04978458592628052
0,4500.0,48,2.3095238095238093,0.09253968253968287,0.1503160852259424,142,71,1.9830796041225458,0.35428571428571426,0.060476190476190475
0,3000.0,32,2.2772988505747125,0.08429118773946341,0.1394072447859495,118,59,1.866726421896858,0.3613505747126437,0.04741379310344827
0,10000.0,47,2.304010077682133,0.08471551543144991,0.13639194519410422,218,109,2.1178249864463017,0.3550283434809994,0.05962628595423053
0,3000.0,26,2.2710413694721825,0.07845934379457892,0.1293009779065556,109,55,1.8527632547186328,0.36875891583452214,0.05848787446504993
0,250.0,43,2.3181818181818183,0.11363636363636363,0.1791044776119403,29,15,1.4636383123526617,0.3484848484848485,0.045454545454545456
0,250.0,42,2.2644628099173554,0.05922865013774102,0.1,27,14,1.4731654422671434,0.3884297520661157,0.06611570247933884
0,10000.0,46,2.2880366819508127,0.07801861886897271,0.12711064499213423,235,118,2.0705170955564256,0.35973322217590664,0.051479783243017926
0,3000.0,27,2.3051771117166213,0.07742960944595796,0.1263902932254803,126,63,1.8505276891520255,0.3528610354223433,0.05790190735694823
0,3000.0,33,2.3145604395604398,0.09374999999999982,0.1487352445193929,111,56,1.8746317352821034,0.3516483516483517,0.05563186813186813
0,4500.0,49,2.274661508704062,0.07164732430689878,0.11922981979758085,151,76,1.9781175746717679,0.36315280464216637,0.04642166344294004
0,4500.0,7,2.3037735849056604,0.09072327044025184,0.14242282507015902,148,74,1.941326213603871,0.355188679245283,0.054245283018867926
0,500.0,16,2.2672064777327936,0.08097165991902834,0.1293634496919918,52,26,1.529052784271156,0.38461538461538464,0.05263157894736842
0,250.0,9,2.1724137931034484,0.05028735632183907,0.08695652173913043,28,14,1.4948692768272498,0.4051724137931034,0.034482758620689655
0,6000.0,14,2.2958289519803716,0.08190209136581433,0.13238396624472573,167,84,1.969134135654358,0.3505082369435682,0.05152471083070452
0,8500.0,29,2.2907642519293003,0.0845572981495309,0.13745618427641462,200,100,2.076799676009229,0.35399551904406273,0.05302464525765497
0,6000.0,28,2.300449982692973,0.07851621091496527,0.1276925728071687,182,91,1.9846934643783185,0.35444790584977504,0.05330564209068882
0,1000.0,0,2.230607966457023,0.060097833682739285,0.10643015521064302,59,30,1.7151879949220132,0.3836477987421384,0.04612159329140461
0,8500.0,15,2.304599145513948,0.08532294546368395,0.13863976083707025,211,106,2.0849356005029613,0.3541090726313144,0.0542849962302086
0,100.0,20,2.259259259259259,0.09259259259259259,0.16363636363636364,21,11,1.311011876772846,0.4074074074074074,0.1111111111111111
0,100.0,34,2.2083333333333335,0.09375,0.1348314606741573,18,9,1.6011778267015293,0.3958333333333333,0.041666666666666664
0,100.0,30,2.3137254901960786,0.10457516339869279,0.16981132075471697,18,9,1.3357818356888949,0.37254901960784315,0.0784313725490196
0,100.0,24,2.1666666666666665,0.05555555555555556,0.10465116279069768,16,8,1.5537310666101676,0.4166666666666667,0.041666666666666664
0,1000.0,48,2.3732251521298173,0.10750507099391492,0.1641509433962264,60,30,1.6865500591296498,0.32454361054766734,0.07910750507099391
0,100.0,18,2.2,0.04666666666666666,0.09473684210526316,17,9,1.3278678541676094,0.42,0.08
0,8500.0,39,2.292265054169816,0.0804568741076677,0.1285115037498411,211,106,2.064900257883194,0.35172587553539936,0.04585537918871252
0,6000.0,10,2.33013698630137,0.09486301369863046,0.1472790813779331,177,89,1.972964363022525,0.34315068493150686,0.054452054794520546
0,8500.0,11,2.2769385699899294,0.08249412554548487,0.1371143259505825,201,101,2.098631089500396,0.36304128902316213,0.04959718026183283
0,6000.0,38,2.2965860597439547,0.08102181128496964,0.13256433007985802,175,88,2.0156400501604765,0.3577524893314367,0.05298719772403983
0,1000.0,4,2.278118609406953,0.09066121336059993,0.14984391259105098,65,33,1.6626115164775261,0.3537832310838446,0.05521472392638037
0,500.0,12,2.2832618025751072,0.052217453505007165,0.08423326133909287,41,21,1.618805959488275,0.36909871244635195,0.05150214592274678
0,4500.0,3,2.322878228782288,0.08410209102091044,0.13286870503597123,138,69,1.8778549455786897,0.3464022140221402,0.059501845018450183
0,50.0,49,2.2142857142857144,0.14285714285714285,0.23529411764705882,13,7,1.3286205240896103,0.39285714285714285,0.0
0,3000.0,37,2.322670375521558,0.08669448307834926,0.13979591836734695,124,62,1.8503411104105285,0.3463143254520167,0.05285118219749652
0,3000.0,23,2.252186588921283,0.0811467444120503,0.13517606967057932,115,58,1.8411393281461903,0.37317784256559766,0.047376093294460644
0,10000.0,42,2.3002523128679564,0.0835085506027469,0.1343939711115763,244,122,2.099561525512029,0.3549201009251472,0.053406223717409586
0,250.0,46,2.290909090909091,0.11363636363636363,0.1875,23,12,1.4875991358964678,0.38181818181818183,0.07272727272727272
0,250.0,47,2.2686567164179103,0.08333333333333333,0.12643678160919541,26,13,1.4732751418792867,0.3656716417910448,0.04477611940298507
0,3000.0,22,2.287331917905166,0.08103326256192471,0.13071428571428573,108,54,1.8615492029514447,0.35527246992215145,0.051663128096249115
0,10000.0,43,2.2980972515856237,0.08474277660324098,0.13778573685873802,237,119,2.1237655134963918,0.35560253699788585,0.05517970401691332
0,3000.0,36,2.288793103448276,0.08309386973180052,0.13651137594799567,126,63,1.9093276921632896,0.35704022988505746,0.05459770114942529
0,50.0,48,2.0,0.0,0.0,11,6,1.0706455596253575,0.5,0.0
0,4500.0,2,2.2945882352941176,0.08156862745098059,0.13341176470588234,143,72,1.9606785122962567,0.35764705882352943,0.0531764705882353
0,500.0,13,2.3,0.10641025641025632,0.16698656429942418,38,19,1.4216701708434654,0.35,0.05384615384615385
0,6000.0,39,2.2919499105545618,0.08539057841383474,0.1383378016085791,180,90,2.0143616989299327,0.36386404293381036,0.05402504472271914
0,8500.0,10,2.296334012219959,0.08664290563475871,0.14102401219667132,210,105,2.118335862526367,0.35717922606924646,0.0539714867617108
0,1000.0,5,2.360323886639676,0.10188933873144414,0.15667311411992263,74,37,1.6631384595572343,0.32388663967611336,0.048582995951417005
0,6000.0,11,2.273479668945664,0.08438287153652434,0.13721185510428102,179,90,2.0037607355697173,0.36667866138898886,0.053256567110471394
0,8500.0,38,2.303410230692076,0.0929455031761947,0.1493280238924838,207,104,2.0732152493456466,0.35356068204613844,0.054663991975927785
0,100.0,19,2.1463414634146343,0.1056910569105691,0.12857142857142856,13,7,1.5597822651717728,0.3902439024390244,0.024390243902439025
0,1000.0,49,2.2757111597374178,0.07986870897155358,0.13333333333333333,60,30,1.687014437623039,0.36542669584245074,0.0525164113785558
0,100.0,25,2.130434782608696,0.11231884057971016,0.14814814814814814,15,8,1.4686723071603693,0.43478260869565216,0.06521739130434782
0,100.0,31,2.339622641509434,0.11949685534591192,0.19090909090909092,18,9,1.4752825052060563,0.33962264150943394,0.05660377358490566
0,100.0,27,2.13953488372093,0.06976744186046512,0.1232876712328767,16,8,1.4110862479561435,0.4186046511627907,0.0
0,100.0,33,2.2222222222222223,0.1333333333333333,0.18072289156626506,16,8,1.3777786124343225,0.37777777777777777,0.022222222222222223
0,6000.0,13,2.280028943560058,0.08212735166425517,0.13371239911958915,159,80,2.0212517266058807,0.36107091172214184,0.05137481910274964
0,1000.0,7,2.309623430962343,0.08751743375174337,0.14315352697095435,62,31,1.6725431352649203,0.3493723849372385,0.04811715481171548
0,8500.0,12,2.2977977977977977,0.08725392058725344,0.14081708679995034,202,101,2.061271771894204,0.3588588588588589,0.060810810810810814
0,500.0,11,2.2363636363636363,0.06893939393939397,0.11401425178147269,38,19,1.61393240419708,0.38636363636363635,0.05454545454545454
0,500.0,39,2.316666666666667,0.09027777777777775,0.14663951120162932,45,23,1.5764025804469863,0.35833333333333334,0.05416666666666667
0,4500.0,0,2.2873618452666986,0.08649687650168211,0.14191660570592537,161,81,1.9231756685039223,0.35031234983181164,0.04565112926477655
0,10000.0,41,2.3055729492798998,0.08227231614833298,0.13506520389153384,240,120,2.0926265379836435,0.35211855562513045,0.05343352118555625
0,3000.0,20,2.280701754385965,0.08362573099415183,0.13321492007104796,116,58,1.8289792066904054,0.35929824561403506,0.05473684210526316
0,3000.0,34,2.2798534798534797,0.08705738705738673,0.1444568868980963,108,54,1.8353698609056093,0.3575091575091575,0.04542124542124542
0,250.0,45,2.2,0.07424242424242423,0.11538461538461539,26,13,1.4293588177259107,0.41818181818181815,0.07272727272727272
0,250.0,44,2.330827067669173,0.10275689223057646,0.1624548736462094,37,19,1.3994912614578352,0.3533834586466165,0.06766917293233082
0,3000.0,35,2.270538243626062,0.07070349386213393,0.11877951325826372,109,55,1.8608705994874133,0.363314447592068,0.0453257790368272
0,10000.0,40,2.2798663324979116,0.07877332219437432,0.12902542372881357,248,124,2.1159637011057653,0.36257309941520466,0.04928989139515455
0,3000.0,21,2.2914642609299096,0.08570437196391366,0.1402354570637119,114,57,1.8297689087239815,0.36294240111034004,0.05829285218598196
0,4500.0,1,2.299256505576208,0.08751548946716271,0.1408418131359852,165,83,1.9691563937860022,0.35780669144981414,0.05297397769516728
0,500.0,38,2.288065843621399,0.06790123456790126,0.1125,43,22,1.5239385251078652,0.35802469135802467,0.0411522633744856
0,500.0,10,2.2152466367713006,0.06053811659192827,0.10613207547169812,41,21,1.6149103170649572,0.4080717488789238,0.06278026905829596
0,1000.0,6,2.310272536687631,0.09888190076869328,0.15170278637770898,64,32,1.709613844242874,0.3522012578616352,0.05870020964360587
0,8500.0,13,2.2904667328699104,0.08453326713008902,0.1366870552989639,230,115,2.0560027740067257,0.35650446871896724,0.05139026812313803
0,6000.0,12,2.2955277280858675,0.08419797257006617,0.13870046411995715,181,91,2.0493145408686937,0.35670840787119856,0.05652951699463327
0,100.0,32,2.2745098039215685,0.10784313725490194,0.18,18,9,1.4361205618245327,0.37254901960784315,0.0392156862745098
0,100.0,26,2.3333333333333335,0.06790123456790124,0.10256410256410256,19,10,1.1678058343795543,0.3888888888888889,0.1111111111111111
